image,tumor,bboxes
00054_145.jpg,1,"[[0.344484, 0.342723, 0.221831, 0.176056]]"
00054_164.jpg,1,"[[0.347418, 0.335681, 0.192488, 0.190141]]"
00056_110.jpg,1,"[[0.579225, 0.439554, 0.111502, 0.083333], [0.464789, 0.468897, 0.117371, 0.106808]]"
00056_129.jpg,1,"[[0.52054, 0.448944, 0.233568, 0.132629]]"
00056_147.jpg,1,"[[0.518779, 0.416667, 0.150235, 0.070423]]"
00056_239.jpg,1,"[[0.638498, 0.432512, 0.068075, 0.066901]]"
00056_92.jpg,1,"[[0.483568, 0.4777, 0.14554, 0.068075]]"
00058_102.jpg,1,"[[0.694249, 0.450117, 0.088028, 0.066901]]"
00058_122.jpg,1,"[[0.703052, 0.441315, 0.110329, 0.105634]]"
00058_141.jpg,1,"[[0.718897, 0.429577, 0.076291, 0.056338]]"
00058_179.jpg,1,"[[0.496479, 0.244131, 0.129108, 0.147887]]"
00059_103.jpg,1,"[[0.481808, 0.419601, 0.123239, 0.149061]]"
00059_122.jpg,1,"[[0.460681, 0.404343, 0.174883, 0.111502]]"
00059_141.jpg,1,"[[0.429577, 0.420188, 0.103286, 0.077465]]"
00059_84.jpg,1,"[[0.473005, 0.393192, 0.077465, 0.075117], [0.515258, 0.466549, 0.044601, 0.038732]]"
00060_69.jpg,1,"[[0.653756, 0.425469, 0.049296, 0.055164], [0.519366, 0.460681, 0.132629, 0.099765]]"
00060_70.jpg,1,"[[0.513498, 0.455986, 0.125587, 0.118545], [0.660798, 0.431925, 0.046948, 0.056338]]"
00060_71.jpg,1,"[[0.524061, 0.452465, 0.172535, 0.139671]]"
00060_72.jpg,1,"[[0.523474, 0.451878, 0.166667, 0.15493]]"
00061_108.jpg,0,[]
00061_127.jpg,0,[]
00061_146.jpg,0,[]
00061_184.jpg,0,[]
00063_197.jpg,1,"[[0.566315, 0.237089, 0.097418, 0.100939]]"
00063_217.jpg,1,"[[0.562207, 0.248239, 0.100939, 0.120892]]"
00064_101.jpg,0,[]
00064_121.jpg,0,[]
00064_140.jpg,0,[]
00066_145.jpg,1,"[[0.618545, 0.262324, 0.053991, 0.052817]]"
00066_221.jpg,1,"[[0.616197, 0.255869, 0.051643, 0.049296]]"
00066_240.jpg,1,"[[0.437207, 0.235915, 0.064554, 0.068075]]"
00066_259.jpg,1,"[[0.439554, 0.241784, 0.088028, 0.093897]]"
00066_278.jpg,1,"[[0.428991, 0.241197, 0.052817, 0.057512]]"
00071_183.jpg,1,"[[0.285211, 0.260563, 0.117371, 0.093897]]"
00071_221.jpg,1,"[[0.703638, 0.403169, 0.137324, 0.106808]]"
00071_240.jpg,1,"[[0.702465, 0.40493, 0.188967, 0.169014]]"
00071_259.jpg,1,"[[0.697183, 0.397887, 0.157277, 0.192488]]"
00071_278.jpg,1,"[[0.680751, 0.38615, 0.112676, 0.107981]]"
00072_119.jpg,0,[]
00072_138.jpg,0,[]
00072_196.jpg,0,[]
00072_80.jpg,0,[]
00072_99.jpg,0,[]
00074_209.jpg,1,"[[0.289906, 0.386737, 0.185446, 0.118545]]"
00074_229.jpg,1,"[[0.286385, 0.378521, 0.194836, 0.130282]]"
00074_249.jpg,1,"[[0.275822, 0.386737, 0.190141, 0.125587]]"
00074_269.jpg,1,"[[0.306925, 0.366784, 0.083333, 0.069249]]"
00074_289.jpg,1,"[[0.669014, 0.372066, 0.053991, 0.058685]]"
00077_166.jpg,1,"[[0.379108, 0.367371, 0.119718, 0.110329]]"
00077_186.jpg,1,"[[0.40493, 0.369131, 0.194836, 0.139671]]"
00077_206.jpg,1,"[[0.392019, 0.35446, 0.211268, 0.171362]]"
00077_226.jpg,1,"[[0.391432, 0.343897, 0.184272, 0.147887]]"
00077_246.jpg,1,"[[0.382042, 0.341549, 0.099765, 0.08216]]"
00078_219.jpg,1,"[[0.629108, 0.118545, 0.133803, 0.129108]]"
00078_239.jpg,1,"[[0.627347, 0.115023, 0.116197, 0.150235]]"
00078_258.jpg,1,"[[0.620305, 0.120892, 0.080986, 0.115023]]"
00078_278.jpg,1,"[[0.606221, 0.122066, 0.073944, 0.053991]]"
00085_156.jpg,1,"[[0.617958, 0.161972, 0.055164, 0.086854]]"
00087_130.jpg,1,"[[0.536972, 0.410798, 0.109155, 0.115023]]"
00087_149.jpg,1,"[[0.518779, 0.394953, 0.07277, 0.116197]]"
00087_185.jpg,1,"[[0.325117, 0.219484, 0.056338, 0.103286]]"
00090_112.jpg,0,[]
00090_130.jpg,0,[]
00090_204.jpg,0,[]
00095_161.jpg,0,[]
00095_170.jpg,0,[]
00095_176.jpg,0,[]
00095_181.jpg,0,[]
00095_188.jpg,0,[]
00095_200.jpg,0,[]
00095_201.jpg,0,[]
00095_212.jpg,0,[]
00095_222.jpg,0,[]
00095_224.jpg,0,[]
00095_226.jpg,0,[]
00095_236.jpg,0,[]
00095_243.jpg,0,[]
00095_263.jpg,0,[]
00096_240.jpg,1,"[[0.611502, 0.549883, 0.084507, 0.090376]]"
00096_260.jpg,1,"[[0.603873, 0.554577, 0.118545, 0.123239]]"
00096_280.jpg,1,"[[0.607394, 0.562207, 0.116197, 0.115023]]"
00097_106.jpg,0,[]
00097_124.jpg,0,[]
00097_162.jpg,0,[]
00097_254.jpg,0,[]
00097_65.jpg,0,[]
00097_68.jpg,0,[]
00097_70.jpg,0,[]
00097_72.jpg,0,[]
00097_74.jpg,0,[]
00097_76.jpg,0,[]
00097_77.jpg,0,[]
00097_79.jpg,0,[]
00097_80.jpg,0,[]
00097_81.jpg,0,[]
00097_83.jpg,0,[]
00097_87.jpg,0,[]
00098_247.jpg,1,"[[0.439554, 0.573944, 0.219484, 0.110329]]"
00098_266.jpg,1,"[[0.400822, 0.579812, 0.125587, 0.068075]]"
00099_129.jpg,0,[]
00099_130.jpg,0,[]
00099_137.jpg,0,[]
00099_139.jpg,0,[]
00099_145.jpg,0,[]
00099_149.jpg,0,[]
00099_154.jpg,0,[]
00100_102.jpg,1,"[[0.480047, 0.291667, 0.079812, 0.092723]]"
00100_119.jpg,1,"[[0.491197, 0.281103, 0.111502, 0.111502]]"
00100_136.jpg,1,"[[0.483568, 0.285798, 0.129108, 0.134977]]"
00100_153.jpg,1,"[[0.474178, 0.271714, 0.112676, 0.127934]]"
00100_170.jpg,1,"[[0.474765, 0.277582, 0.064554, 0.071596]]"
00104_132.jpg,0,[]
00104_14.jpg,0,[]
00104_15.jpg,0,[]
00104_150.jpg,0,[]
00104_16.jpg,0,[]
00104_168.jpg,0,[]
00104_17.jpg,0,[]
00104_18.jpg,0,[]
00104_185.jpg,0,[]
00104_19.jpg,0,[]
00105_113.jpg,1,"[[0.640845, 0.403169, 0.122066, 0.196009]]"
00105_132.jpg,1,"[[0.633216, 0.332746, 0.102113, 0.11385], [0.630282, 0.43838, 0.084507, 0.102113]]"
00105_151.jpg,1,"[[0.620305, 0.336268, 0.106808, 0.127934], [0.551643, 0.411972, 0.110329, 0.107981]]"
00105_94.jpg,1,"[[0.623826, 0.379695, 0.050469, 0.106808]]"
00106_195.jpg,1,"[[0.576878, 0.418427, 0.076291, 0.09507]]"
00106_253.jpg,1,"[[0.552817, 0.364437, 0.089202, 0.10446]]"
00107_101.jpg,1,"[[0.555164, 0.393192, 0.103286, 0.117371]]"
00107_118.jpg,1,"[[0.555164, 0.376761, 0.103286, 0.096244]]"
00108_102.jpg,0,[]
00109_104.jpg,1,"[[0.498239, 0.3527, 0.170188, 0.139671]]"
00109_85.jpg,1,"[[0.493545, 0.347418, 0.158451, 0.15493]]"
00110_131.jpg,0,[]
00110_147.jpg,0,[]
00110_162.jpg,0,[]
00110_178.jpg,0,[]
00111_110.jpg,0,[]
00111_98.jpg,0,[]
00112_10.jpg,0,[]
00112_11.jpg,0,[]
00112_12.jpg,0,[]
00116_11.jpg,0,[]
00116_12.jpg,0,[]
00116_13.jpg,0,[]
00116_14.jpg,0,[]
00116_15.jpg,0,[]
00116_16.jpg,0,[]
00116_231.jpg,0,[]
00116_8.jpg,0,[]
00116_9.jpg,0,[]
00117_200.jpg,1,"[[0.730047, 0.350939, 0.100939, 0.100939]]"
00120_215.jpg,1,"[[0.654343, 0.464202, 0.111502, 0.092723]]"
00120_230.jpg,1,"[[0.657864, 0.471244, 0.17723, 0.137324]]"
00120_245.jpg,1,"[[0.66784, 0.469484, 0.199531, 0.152582]]"
00120_260.jpg,1,"[[0.659038, 0.4777, 0.198357, 0.178404]]"
00121_139.jpg,0,[]
00121_157.jpg,0,[]
00121_175.jpg,0,[]
00122_10.jpg,0,[]
00122_108.jpg,0,[]
00122_11.jpg,0,[]
00122_8.jpg,0,[]
00122_9.jpg,0,[]
00122_90.jpg,0,[]
00123_10.jpg,0,[]
00123_11.jpg,0,[]
00123_12.jpg,0,[]
00123_13.jpg,0,[]
00123_14.jpg,0,[]
00123_15.jpg,0,[]
00123_16.jpg,0,[]
00123_223.jpg,0,[]
00123_241.jpg,0,[]
00123_259.jpg,0,[]
00123_277.jpg,0,[]
00124_10.jpg,0,[]
00124_11.jpg,0,[]
00124_114.jpg,0,[]
00124_12.jpg,0,[]
00124_132.jpg,0,[]
00124_150.jpg,0,[]
00124_168.jpg,0,[]
00124_6.jpg,0,[]
00124_7.jpg,0,[]
00124_8.jpg,0,[]
00124_9.jpg,0,[]
00124_96.jpg,0,[]
00128_243.jpg,1,"[[0.673122, 0.474178, 0.165493, 0.126761]]"
00128_260.jpg,1,"[[0.709507, 0.474765, 0.163146, 0.142019]]"
00128_277.jpg,1,"[[0.697183, 0.4777, 0.150235, 0.150235]]"
00130_100.jpg,0,[]
00130_107.jpg,0,[]
00130_112.jpg,0,[]
00130_114.jpg,0,[]
00130_119.jpg,0,[]
00130_239.jpg,0,[]
00130_256.jpg,0,[]
00130_273.jpg,0,[]
00130_78.jpg,0,[]
00130_81.jpg,0,[]
00130_88.jpg,0,[]
00130_94.jpg,0,[]
00132_112.jpg,0,[]
00132_130.jpg,0,[]
00132_147.jpg,0,[]
00132_164.jpg,0,[]
00132_95.jpg,0,[]
00133_228.jpg,0,[]
00133_247.jpg,0,[]
00133_266.jpg,0,[]
00136_103.jpg,1,"[[0.701291, 0.553991, 0.132629, 0.119718]]"
00136_121.jpg,1,"[[0.690141, 0.543427, 0.178404, 0.126761]]"
00136_138.jpg,1,"[[0.67723, 0.536972, 0.143192, 0.144366]]"
00137_249.jpg,0,[]
00137_264.jpg,0,[]
00138_217.jpg,1,"[[0.902582, 0.301643, 0.06338, 0.070423]]"
00138_235.jpg,1,"[[0.896127, 0.303991, 0.062207, 0.06338]]"
00138_271.jpg,1,"[[0.81338, 0.500587, 0.119718, 0.099765]]"
00138_289.jpg,1,"[[0.797535, 0.500587, 0.123239, 0.123239]]"
00142_107.jpg,0,[]
00142_126.jpg,0,[]
00142_144.jpg,0,[]
00142_163.jpg,0,[]
00142_89.jpg,0,[]
00143_236.jpg,1,"[[0.609155, 0.418427, 0.230047, 0.134977]]"
00143_254.jpg,1,"[[0.610329, 0.450704, 0.286385, 0.178404]]"
00143_272.jpg,1,"[[0.597418, 0.454812, 0.265258, 0.181925]]"
00144_243.jpg,1,"[[0.55223, 0.390258, 0.156103, 0.09507]]"
00144_260.jpg,1,"[[0.545188, 0.409038, 0.205399, 0.153756]]"
00144_278.jpg,1,"[[0.537559, 0.411385, 0.190141, 0.165493]]"
00146_142.jpg,1,"[[0.513498, 0.139085, 0.10446, 0.109155]]"
00146_160.jpg,1,"[[0.508216, 0.13615, 0.126761, 0.138498]]"
00146_195.jpg,1,"[[0.50939, 0.150822, 0.138498, 0.134977]]"
00147_115.jpg,0,[]
00147_134.jpg,0,[]
00147_152.jpg,0,[]
00147_170.jpg,0,[]
00148_19.jpg,0,[]
00148_20.jpg,0,[]
00148_22.jpg,0,[]
00148_24.jpg,0,[]
00150_10.jpg,0,[]
00150_11.jpg,0,[]
00150_12.jpg,0,[]
00150_235.jpg,0,[]
00150_252.jpg,0,[]
00150_8.jpg,0,[]
00150_9.jpg,0,[]
00151_10.jpg,0,[]
00151_12.jpg,0,[]
00151_128.jpg,0,[]
00151_13.jpg,0,[]
00151_14.jpg,0,[]
00151_145.jpg,0,[]
00151_15.jpg,0,[]
00151_162.jpg,0,[]
00151_17.jpg,0,[]
00151_195.jpg,0,[]
00151_211.jpg,0,[]
00154_210.jpg,0,[]
00154_229.jpg,0,[]
00154_248.jpg,0,[]
00154_267.jpg,0,[]
00156_116.jpg,1,"[[0.399061, 0.518192, 0.096244, 0.09507]]"
00156_132.jpg,1,"[[0.394953, 0.512911, 0.188967, 0.157277]]"
00156_148.jpg,1,"[[0.403169, 0.514671, 0.217136, 0.193662]]"
00156_164.jpg,1,"[[0.408451, 0.514085, 0.220657, 0.187793]]"
00156_180.jpg,1,"[[0.411972, 0.521127, 0.204225, 0.15493]]"
00156_196.jpg,1,"[[0.416667, 0.52993, 0.131455, 0.085681]]"
00157_115.jpg,0,[]
00158_102.jpg,0,[]
00158_108.jpg,0,[]
00158_114.jpg,0,[]
00158_115.jpg,0,[]
00158_239.jpg,0,[]
00158_256.jpg,0,[]
00158_272.jpg,0,[]
00158_289.jpg,0,[]
00158_86.jpg,0,[]
00158_90.jpg,0,[]
00158_96.jpg,0,[]
00159_133.jpg,1,"[[0.456573, 0.412559, 0.065728, 0.066901]]"
00159_152.jpg,1,"[[0.458333, 0.420188, 0.153756, 0.152582], [0.389671, 0.485329, 0.07277, 0.062207]]"
00159_171.jpg,1,"[[0.44777, 0.432512, 0.165493, 0.198357]]"
00159_189.jpg,1,"[[0.458333, 0.43662, 0.144366, 0.178404]]"
00159_207.jpg,1,"[[0.451291, 0.421362, 0.099765, 0.117371]]"
00160_270.jpg,1,"[[0.603873, 0.512911, 0.062207, 0.061033]]"
00162_122.jpg,0,[]
00165_110.jpg,0,[]
00165_111.jpg,0,[]
00165_116.jpg,0,[]
00165_118.jpg,0,[]
00165_122.jpg,0,[]
00165_123.jpg,0,[]
00165_125.jpg,0,[]
00165_129.jpg,0,[]
00165_135.jpg,0,[]
00165_140.jpg,0,[]
00165_158.jpg,0,[]
00165_176.jpg,0,[]
00165_193.jpg,0,[]
00166_189.jpg,1,"[[0.284624, 0.280516, 0.139671, 0.161972]]"
00166_206.jpg,1,"[[0.288146, 0.335094, 0.132629, 0.071596], [0.284038, 0.254695, 0.131455, 0.100939]]"
00166_224.jpg,1,"[[0.286972, 0.305751, 0.132629, 0.092723]]"
00166_241.jpg,1,"[[0.278169, 0.281103, 0.06338, 0.050469]]"
00166_259.jpg,1,"[[0.315141, 0.353286, 0.069249, 0.086854]]"
00167_125.jpg,0,[]
00167_127.jpg,0,[]
00167_213.jpg,0,[]
00169_112.jpg,0,[]
00169_119.jpg,0,[]
00169_127.jpg,0,[]
00169_134.jpg,0,[]
00169_141.jpg,0,[]
00169_142.jpg,0,[]
00169_149.jpg,0,[]
00169_208.jpg,0,[]
00169_225.jpg,0,[]
00169_243.jpg,0,[]
00169_260.jpg,0,[]
00171_109.jpg,1,"[[0.386737, 0.672535, 0.085681, 0.107981]]"
00171_126.jpg,1,"[[0.393779, 0.659624, 0.127934, 0.107981]]"
00172_102.jpg,0,[]
00172_108.jpg,0,[]
00172_110.jpg,0,[]
00172_114.jpg,0,[]
00172_91.jpg,0,[]
00172_92.jpg,0,[]
00172_96.jpg,0,[]
00176_104.jpg,0,[]
00176_109.jpg,0,[]
00176_127.jpg,0,[]
00176_145.jpg,0,[]
00176_89.jpg,0,[]
00176_92.jpg,0,[]
00176_98.jpg,0,[]
00177_125.jpg,1,"[[0.640258, 0.350352, 0.062207, 0.043427]]"
00177_145.jpg,1,"[[0.611502, 0.316901, 0.068075, 0.058685]]"
00177_221.jpg,1,"[[0.559859, 0.3527, 0.075117, 0.085681]]"
00177_241.jpg,1,"[[0.543427, 0.377934, 0.150235, 0.140845]]"
00177_260.jpg,1,"[[0.52054, 0.38439, 0.219484, 0.181925]]"
00177_280.jpg,1,"[[0.502347, 0.39554, 0.258216, 0.194836]]"
00178_104.jpg,1,"[[0.623826, 0.485915, 0.142019, 0.138498]]"
00178_122.jpg,1,"[[0.623239, 0.470657, 0.147887, 0.15493]]"
00178_140.jpg,1,"[[0.625587, 0.457746, 0.126761, 0.140845]]"
00178_158.jpg,1,"[[0.597418, 0.452465, 0.124413, 0.153756]]"
00178_175.jpg,1,"[[0.590962, 0.451291, 0.102113, 0.130282]]"
00183_109.jpg,0,[]
00183_126.jpg,0,[]
00183_144.jpg,0,[]
00183_161.jpg,0,[]
00183_178.jpg,0,[]
00183_195.jpg,0,[]
00183_80.jpg,0,[]
00183_86.jpg,0,[]
00184_127.jpg,0,[]
00184_145.jpg,0,[]
00184_164.jpg,0,[]
00185_252.jpg,1,"[[0.678404, 0.55223, 0.068075, 0.111502]]"
00185_271.jpg,1,"[[0.685446, 0.548709, 0.100939, 0.11385]]"
00185_289.jpg,1,"[[0.687793, 0.52993, 0.061033, 0.090376]]"
00186_207.jpg,1,"[[0.579812, 0.291667, 0.171362, 0.120892]]"
00187_100.jpg,1,"[[0.296362, 0.367958, 0.085681, 0.078638]]"
00187_118.jpg,1,"[[0.304577, 0.367958, 0.127934, 0.125587]]"
00187_135.jpg,1,"[[0.309272, 0.375, 0.130282, 0.127934]]"
00187_153.jpg,1,"[[0.339202, 0.364437, 0.157277, 0.146714]]"
00187_170.jpg,1,"[[0.345657, 0.360915, 0.116197, 0.116197]]"
00191_106.jpg,0,[]
00191_124.jpg,0,[]
00191_143.jpg,0,[]
00192_191.jpg,0,[]
00192_244.jpg,0,[]
00192_262.jpg,0,[]
00192_280.jpg,0,[]
00193_172.jpg,0,[]
00193_190.jpg,0,[]
00193_208.jpg,0,[]
00194_209.jpg,0,[]
00194_226.jpg,0,[]
00194_243.jpg,0,[]
00194_259.jpg,0,[]
00195_208.jpg,0,[]
00195_225.jpg,0,[]
00201_102.jpg,0,[]
00201_121.jpg,0,[]
00201_141.jpg,0,[]
00240_134.jpg,1,"[[0.497653, 0.435446, 0.111111, 0.112676]]"
00240_138.jpg,1,"[[0.5, 0.435446, 0.140845, 0.133803]]"
00240_144.jpg,1,"[[0.465571, 0.43838, 0.206573, 0.17723]]"
00240_151.jpg,1,"[[0.438185, 0.444836, 0.198748, 0.176056]]"
00240_157.jpg,1,"[[0.438185, 0.446596, 0.15493, 0.17723]]"
00245_101.jpg,1,"[[0.325509, 0.546948, 0.126761, 0.122066]]"
00246_103.jpg,1,"[[0.422535, 0.623239, 0.12989, 0.105634], [0.395149, 0.701291, 0.078247, 0.048122]]"
00246_96.jpg,1,"[[0.423318, 0.648474, 0.169014, 0.125587], [0.544601, 0.647887, 0.079812, 0.065728]]"
00250_104.jpg,1,"[[0.282473, 0.64554, 0.084507, 0.084507]]"
00250_110.jpg,1,"[[0.346635, 0.66784, 0.237872, 0.124413]]"
00250_115.jpg,1,"[[0.338811, 0.67723, 0.209703, 0.131455]]"
00250_120.jpg,1,"[[0.312989, 0.679577, 0.208138, 0.126761]]"
00250_121.jpg,1,"[[0.291862, 0.680164, 0.172144, 0.125587]]"
00253_79.jpg,1,"[[0.230047, 0.534038, 0.061033, 0.065728]]"
00253_85.jpg,1,"[[0.22144, 0.52054, 0.087637, 0.090376]]"
00253_92.jpg,1,"[[0.22144, 0.515845, 0.084507, 0.055164]]"
00254_79.jpg,1,"[[0.320031, 0.474765, 0.162754, 0.160798]]"
00254_83.jpg,1,"[[0.327074, 0.483568, 0.14241, 0.150235]]"
00254_89.jpg,1,"[[0.339593, 0.49061, 0.101721, 0.093897]]"
00260_113.jpg,1,"[[0.49374, 0.572183, 0.093897, 0.083333]]"
00260_115.jpg,1,"[[0.495305, 0.57277, 0.106416, 0.093897]]"
00260_119.jpg,1,"[[0.50626, 0.572183, 0.150235, 0.118545]]"
00260_121.jpg,1,"[[0.507825, 0.569836, 0.156495, 0.118545]]"
00260_125.jpg,1,"[[0.510172, 0.572183, 0.164319, 0.132629]]"
00260_130.jpg,1,"[[0.498435, 0.569836, 0.143975, 0.123239]]"
00260_136.jpg,1,"[[0.50939, 0.567488, 0.125196, 0.099765]]"
00260_142.jpg,1,"[[0.510955, 0.567488, 0.100156, 0.069249]]"
00263_109.jpg,1,"[[0.364632, 0.559272, 0.117371, 0.097418]]"
00263_116.jpg,1,"[[0.42097, 0.551643, 0.223787, 0.150235]]"
00263_117.jpg,1,"[[0.418623, 0.547535, 0.222222, 0.153756]]"
00263_123.jpg,1,"[[0.402973, 0.548122, 0.231612, 0.131455]]"
00263_125.jpg,1,"[[0.392801, 0.556338, 0.205008, 0.143192]]"
00263_130.jpg,1,"[[0.383412, 0.558685, 0.164319, 0.133803]]"
00263_133.jpg,1,"[[0.379499, 0.559272, 0.137715, 0.132629]]"
00263_137.jpg,1,"[[0.378717, 0.571596, 0.114241, 0.138498]]"
00270_11.jpg,1,"[[0.300134, 0.484742, 0.099262, 0.070423]]"
00270_12.jpg,1,"[[0.299463, 0.482394, 0.103286, 0.084507]]"
00270_13.jpg,1,"[[0.307512, 0.484742, 0.092555, 0.084507]]"
00271_106.jpg,1,"[[0.400626, 0.700117, 0.114241, 0.158451]]"
00271_111.jpg,1,"[[0.388889, 0.702465, 0.147105, 0.160798]]"
00271_116.jpg,1,"[[0.390454, 0.684859, 0.165884, 0.158451]]"
00271_117.jpg,1,"[[0.394366, 0.678404, 0.1518, 0.147887]]"
00271_122.jpg,1,"[[0.395931, 0.674296, 0.167449, 0.156103]]"
00271_124.jpg,1,"[[0.402973, 0.678991, 0.172144, 0.172535]]"
00271_128.jpg,1,"[[0.390454, 0.68662, 0.150235, 0.140845]]"
00271_130.jpg,1,"[[0.389671, 0.693075, 0.13302, 0.134977]]"
00271_134.jpg,1,"[[0.397496, 0.693075, 0.12989, 0.127934]]"
00271_145.jpg,1,"[[0.397496, 0.655516, 0.101721, 0.085681]]"
00273_103.jpg,1,"[[0.726135, 0.467136, 0.167449, 0.171362]]"
00273_109.jpg,1,"[[0.730829, 0.497066, 0.120501, 0.102113]]"
00273_86.jpg,1,"[[0.710485, 0.459507, 0.198748, 0.226526]]"
00273_90.jpg,1,"[[0.714397, 0.460094, 0.181534, 0.223005]]"
00273_96.jpg,1,"[[0.719092, 0.462441, 0.187793, 0.211268]]"
00281_104.jpg,1,"[[0.436033, 0.355047, 0.106808, 0.123239]]"
00281_110.jpg,1,"[[0.438967, 0.351526, 0.119718, 0.139671]]"
00281_116.jpg,1,"[[0.440141, 0.350352, 0.129108, 0.130282]]"
00281_117.jpg,1,"[[0.440141, 0.345657, 0.131455, 0.130282]]"
00281_122.jpg,1,"[[0.444249, 0.347418, 0.11385, 0.124413]]"
00281_124.jpg,1,"[[0.446596, 0.344484, 0.09507, 0.111502]]"
00281_128.jpg,1,"[[0.45892, 0.347418, 0.079812, 0.08216]]"
00281_98.jpg,1,"[[0.443662, 0.360915, 0.049296, 0.059859]]"
00282_83.jpg,1,"[[0.252739, 0.545188, 0.131455, 0.109155]]"
00282_87.jpg,1,"[[0.248044, 0.557512, 0.131455, 0.119718]]"
00282_93.jpg,1,"[[0.264476, 0.55223, 0.13615, 0.109155]]"
00282_99.jpg,1,"[[0.245696, 0.556338, 0.098592, 0.079812]]"
00284_149.jpg,1,"[[0.555556, 0.441315, 0.067293, 0.058685]]"
00285_87.jpg,1,"[[0.282473, 0.823944, 0.053208, 0.046948]]"
00285_93.jpg,1,"[[0.286385, 0.831573, 0.070423, 0.073944]]"
00291_22.jpg,1,"[[0.46822, 0.742371, 0.115565, 0.109155]]"
00291_23.jpg,1,"[[0.466053, 0.756455, 0.128566, 0.134977]]"
00291_24.jpg,1,"[[0.460997, 0.756455, 0.124233, 0.111502]]"
00294_20.jpg,1,"[[0.411469, 0.786972, 0.142186, 0.153756]]"
00294_21.jpg,1,"[[0.411469, 0.788146, 0.1556, 0.149061]]"
00294_22.jpg,1,"[[0.413481, 0.778756, 0.16499, 0.125587]]"
00294_23.jpg,1,"[[0.408786, 0.783451, 0.1556, 0.11385]]"
00296_118.jpg,1,"[[0.50626, 0.545188, 0.100156, 0.10446]]"
00296_124.jpg,1,"[[0.505477, 0.518779, 0.12989, 0.169014]]"
00296_125.jpg,1,"[[0.505477, 0.501761, 0.123631, 0.196009]]"
00296_130.jpg,1,"[[0.500782, 0.512324, 0.104851, 0.16784]]"
00296_132.jpg,1,"[[0.500782, 0.506455, 0.092332, 0.142019]]"
00299_101.jpg,1,"[[0.29734, 0.714202, 0.114241, 0.088028]]"
00299_91.jpg,1,"[[0.318466, 0.723592, 0.078247, 0.062207]]"
00303_81.jpg,1,"[[0.741002, 0.721831, 0.178404, 0.112676]]"
00303_85.jpg,1,"[[0.7277, 0.734742, 0.101721, 0.068075]]"
00304_101.jpg,1,"[[0.294992, 0.499413, 0.209703, 0.235915]]"
00304_107.jpg,1,"[[0.306729, 0.516432, 0.201878, 0.199531]]"
00304_113.jpg,1,"[[0.317684, 0.513498, 0.13928, 0.165493]]"
00304_119.jpg,1,"[[0.317684, 0.482981, 0.126761, 0.120892]]"
00304_98.jpg,1,"[[0.29734, 0.505282, 0.214397, 0.221831]]"
00305_105.jpg,1,"[[0.629695, 0.390845, 0.083333, 0.079812]]"
00305_107.jpg,1,"[[0.627347, 0.390845, 0.085681, 0.077465]]"
00305_113.jpg,1,"[[0.619131, 0.385563, 0.066901, 0.059859]]"
00305_116.jpg,1,"[[0.619131, 0.382042, 0.04108, 0.03169]]"
00305_97.jpg,1,"[[0.641432, 0.38439, 0.048122, 0.050469]]"
00305_98.jpg,1,"[[0.642606, 0.382629, 0.059859, 0.056338]]"
00306_102.jpg,1,"[[0.710485, 0.55223, 0.211268, 0.205399]]"
00306_109.jpg,1,"[[0.713615, 0.556338, 0.214397, 0.176056]]"
00306_115.jpg,1,"[[0.683099, 0.566901, 0.118936, 0.105634]]"
00306_92.jpg,1,"[[0.71205, 0.527582, 0.195618, 0.193662]]"
00306_96.jpg,1,"[[0.699531, 0.538146, 0.179969, 0.212441]]"
00311_105.jpg,1,"[[0.737089, 0.549296, 0.123631, 0.089202]]"
00311_111.jpg,1,"[[0.748826, 0.550469, 0.175274, 0.089202]]"
00311_117.jpg,1,"[[0.755086, 0.555164, 0.172144, 0.089202]]"
00311_118.jpg,1,"[[0.756651, 0.550469, 0.169014, 0.08216]]"
00311_123.jpg,1,"[[0.794992, 0.553991, 0.082942, 0.061033]]"
00313_118.jpg,1,"[[0.510172, 0.786972, 0.082942, 0.092723]]"
00313_119.jpg,1,"[[0.513302, 0.789319, 0.073552, 0.097418]]"
00313_124.jpg,1,"[[0.510955, 0.796362, 0.100156, 0.088028]]"
00313_126.jpg,1,"[[0.515649, 0.791667, 0.106416, 0.083333]]"
00313_130.jpg,1,"[[0.520344, 0.792254, 0.112676, 0.086854]]"
00313_133.jpg,1,"[[0.516432, 0.788732, 0.111111, 0.079812]]"
00317_20.jpg,1,"[[0.440141, 0.436033, 0.098592, 0.073944]]"
00317_21.jpg,1,"[[0.430751, 0.43662, 0.124413, 0.084507]]"
00317_22.jpg,1,"[[0.424883, 0.437207, 0.112676, 0.090376]]"
00317_23.jpg,1,"[[0.426056, 0.434272, 0.119718, 0.084507]]"
00317_24.jpg,1,"[[0.420775, 0.431338, 0.120892, 0.080986]]"
00317_25.jpg,1,"[[0.414319, 0.423122, 0.086854, 0.076291]]"
00317_26.jpg,1,"[[0.414906, 0.422535, 0.071596, 0.07277]]"
00317_27.jpg,1,"[[0.41784, 0.420775, 0.068075, 0.069249]]"
00317_28.jpg,1,"[[0.429577, 0.420188, 0.044601, 0.053991]]"
00322_108.jpg,1,"[[0.323161, 0.49061, 0.150235, 0.117371]]"
00322_114.jpg,1,"[[0.328638, 0.494131, 0.192488, 0.187793]]"
00322_115.jpg,1,"[[0.332551, 0.49061, 0.206573, 0.206573]]"
00322_121.jpg,1,"[[0.341158, 0.494131, 0.226917, 0.215962], [0.616588, 0.515845, 0.117371, 0.116197]]"
00322_122.jpg,1,"[[0.339593, 0.494718, 0.226917, 0.212441], [0.625978, 0.519366, 0.13302, 0.11385]]"
00322_127.jpg,1,"[[0.35133, 0.490023, 0.203443, 0.212441], [0.628326, 0.525822, 0.143975, 0.152582]]"
00322_130.jpg,1,"[[0.364632, 0.492958, 0.167449, 0.192488], [0.630673, 0.524061, 0.13928, 0.165493]]"
00322_134.jpg,1,"[[0.359155, 0.494131, 0.178404, 0.169014], [0.622066, 0.527582, 0.162754, 0.200704]]"
00322_140.jpg,1,"[[0.342723, 0.5, 0.164319, 0.112676], [0.617371, 0.525822, 0.156495, 0.206573]]"
00322_147.jpg,1,"[[0.614241, 0.536385, 0.156495, 0.183099]]"
00322_153.jpg,1,"[[0.604069, 0.535211, 0.126761, 0.133803]]"
00328_100.jpg,1,"[[0.296557, 0.692488, 0.209703, 0.105634]]"
00328_90.jpg,1,"[[0.286385, 0.692488, 0.201878, 0.117371], [0.305164, 0.789906, 0.14241, 0.096244]]"
00328_94.jpg,1,"[[0.29421, 0.691901, 0.201878, 0.132629], [0.301252, 0.79284, 0.147105, 0.090376]]"
00329_87.jpg,1,"[[0.300469, 0.446596, 0.104851, 0.097418]]"
00329_90.jpg,1,"[[0.330203, 0.447183, 0.12989, 0.084507]]"
00332_141.jpg,1,"[[0.376369, 0.532864, 0.131455, 0.100939]]"
00332_147.jpg,1,"[[0.383412, 0.527582, 0.114241, 0.106808]]"
00334_101.jpg,1,"[[0.391236, 0.680164, 0.208138, 0.137324]]"
00334_108.jpg,1,"[[0.406103, 0.670188, 0.209703, 0.157277]]"
00334_114.jpg,1,"[[0.408451, 0.660211, 0.195618, 0.134977]]"
00334_120.jpg,1,"[[0.437402, 0.642019, 0.156495, 0.098592]]"
00334_121.jpg,1,"[[0.442879, 0.630282, 0.13615, 0.075117]]"
00334_91.jpg,1,"[[0.381847, 0.626174, 0.158059, 0.144366]]"
00334_95.jpg,1,"[[0.381847, 0.650235, 0.189358, 0.133803]]"
00338_15.jpg,1,"[[0.617371, 0.703638, 0.091549, 0.11385]]"
00340_119.jpg,1,"[[0.649452, 0.592723, 0.073552, 0.06338]]"
00340_121.jpg,1,"[[0.649452, 0.603286, 0.089202, 0.068075]]"
00340_126.jpg,1,"[[0.670579, 0.519366, 0.087637, 0.052817], [0.629108, 0.592723, 0.13302, 0.103286]]"
00340_128.jpg,1,"[[0.679969, 0.515258, 0.093897, 0.051643], [0.621283, 0.588615, 0.14867, 0.10446]]"
00340_132.jpg,1,"[[0.688576, 0.510563, 0.120501, 0.061033]]"
00340_138.jpg,1,"[[0.704225, 0.507042, 0.107981, 0.056338]]"
00350_126.jpg,1,"[[0.423318, 0.341549, 0.065728, 0.077465]]"
00350_128.jpg,1,"[[0.4241, 0.335094, 0.095462, 0.085681]]"
00350_132.jpg,1,"[[0.443662, 0.340376, 0.134585, 0.110329]]"
00350_135.jpg,1,"[[0.446792, 0.339202, 0.143975, 0.13615]]"
00350_139.jpg,1,"[[0.449922, 0.338615, 0.156495, 0.153756]]"
00350_145.jpg,1,"[[0.459311, 0.338615, 0.143975, 0.158451]]"
00350_151.jpg,1,"[[0.466354, 0.353286, 0.092332, 0.143192]]"
00350_157.jpg,1,"[[0.474961, 0.358568, 0.078247, 0.11385]]"
00352_103.jpg,1,"[[0.35759, 0.65669, 0.159624, 0.09507]]"
00352_93.jpg,1,"[[0.312989, 0.683099, 0.1518, 0.143192]]"
00352_97.jpg,1,"[[0.335681, 0.676643, 0.143975, 0.153756]]"
00359_103.jpg,1,"[[0.336854, 0.659038, 0.122066, 0.11385]]"
00359_109.jpg,1,"[[0.336268, 0.656103, 0.123239, 0.105634]]"
00359_115.jpg,1,"[[0.334507, 0.662559, 0.103286, 0.09507]]"
00359_116.jpg,1,"[[0.331573, 0.661972, 0.102113, 0.084507]]"
00359_121.jpg,1,"[[0.319836, 0.678991, 0.062207, 0.062207]]"
00359_123.jpg,1,"[[0.323357, 0.674883, 0.059859, 0.044601]]"
00359_97.jpg,1,"[[0.357394, 0.636737, 0.059859, 0.059859]]"
00360_102.jpg,1,"[[0.625196, 0.66784, 0.228482, 0.199531]]"
00360_87.jpg,1,"[[0.625978, 0.680164, 0.170579, 0.109155]]"
00360_90.jpg,1,"[[0.622066, 0.704225, 0.187793, 0.129108]]"
00360_96.jpg,1,"[[0.615806, 0.684272, 0.231612, 0.180751]]"
100 (2).jpg,0,[]
100 (3).jpg,1,"[[0.36385, 0.306338, 0.103286, 0.084507]]"
100.jpg,0,[]
102 (2).jpg,1,"[[0.348005, 0.31162, 0.170188, 0.196009]]"
102 (3).jpg,1,"[[0.664319, 0.374413, 0.065728, 0.08216]]"
102 (4).jpg,1,"[[0.367371, 0.308685, 0.133803, 0.107981]]"
102.jpg,0,[]
103 (2).jpg,1,"[[0.663732, 0.375, 0.043427, 0.059859]]"
103.jpg,0,[]
104 (2).jpg,0,[]
104 (3).jpg,1,"[[0.369718, 0.312207, 0.138498, 0.110329]]"
104.jpg,0,[]
105.jpg,0,[]
106 (2).jpg,0,[]
106.jpg,0,[]
107.jpg,0,[]
108.jpg,0,[]
109 (2).jpg,1,"[[0.359742, 0.298709, 0.158451, 0.170188]]"
109.jpg,0,[]
110 (2).jpg,0,[]
110.jpg,0,[]
111.jpg,0,[]
112 (2).jpg,1,"[[0.360915, 0.295188, 0.130282, 0.160798]]"
112.jpg,0,[]
113 (2).jpg,0,[]
113.jpg,0,[]
114.jpg,0,[]
115.jpg,0,[]
116.jpg,0,[]
118.jpg,0,[]
119.jpg,0,[]
124.jpg,0,[]
125.jpg,0,[]
128 (2).jpg,0,[]
128.jpg,0,[]
138.jpg,0,[]
144.jpg,0,[]
61 (3).jpg,0,[]
61 (4).jpg,1,"[[0.336854, 0.221831, 0.086854, 0.124413]]"
61 (5).jpg,1,"[[0.379695, 0.071596, 0.057512, 0.089202], [0.461854, 0.213615, 0.055164, 0.049296]]"
61 (6).jpg,1,"[[0.717723, 0.358568, 0.050469, 0.048122]]"
61 (7).jpg,1,"[[0.460681, 0.253521, 0.059859, 0.077465]]"
61 (8).jpg,1,"[[0.369131, 0.269366, 0.043427, 0.048122]]"
61.jpg,0,[]
62 (10).jpg,1,"[[0.411972, 0.174883, 0.103286, 0.068075]]"
62 (11).jpg,1,"[[0.3527, 0.249413, 0.097418, 0.10446]]"
62 (12).jpg,1,"[[0.622066, 0.345657, 0.133803, 0.125587]]"
62 (13).jpg,1,"[[0.398474, 0.255282, 0.179577, 0.160798]]"
62 (14).jpg,1,"[[0.351526, 0.379108, 0.170188, 0.161972]]"
62 (15).jpg,1,"[[0.560446, 0.372653, 0.214789, 0.163146]]"
62 (2).jpg,0,[]
62 (3).jpg,0,[]
62 (4).jpg,0,[]
62 (5).jpg,0,[]
62 (6).jpg,1,"[[0.613263, 0.308099, 0.116197, 0.132629]]"
62 (7).jpg,1,"[[0.364437, 0.380282, 0.092723, 0.084507]]"
62 (8).jpg,1,"[[0.359155, 0.131455, 0.096244, 0.07277], [0.36561, 0.213615, 0.149061, 0.110329]]"
62 (9).jpg,1,"[[0.379695, 0.07277, 0.050469, 0.089202], [0.460681, 0.210681, 0.04108, 0.048122]]"
62.jpg,0,[]
63 (2).jpg,0,[]
63 (3).jpg,0,[]
63 (4).jpg,0,[]
63 (5).jpg,1,"[[0.313967, 0.358568, 0.116197, 0.17723]]"
63 (6).jpg,1,"[[0.378521, 0.318662, 0.085681, 0.123239]]"
63 (7).jpg,1,"[[0.360915, 0.235915, 0.106808, 0.105634], [0.452465, 0.277582, 0.062207, 0.062207], [0.355634, 0.312207, 0.07277, 0.058685]]"
63 (8).jpg,1,"[[0.355047, 0.187793, 0.092723, 0.098592]]"
63.jpg,0,[]
64 (2).jpg,0,[]
64 (3).jpg,0,[]
64 (4).jpg,0,[]
64 (5).jpg,0,[]
64 (6).jpg,1,"[[0.336268, 0.221244, 0.097418, 0.153756]]"
64 (7).jpg,1,"[[0.361502, 0.184272, 0.119718, 0.173709]]"
64 (8).jpg,1,"[[0.638498, 0.376761, 0.131455, 0.119718]]"
64.jpg,0,[]
65 (10).jpg,1,"[[0.350939, 0.372066, 0.157277, 0.140845]]"
65 (11).jpg,1,"[[0.361502, 0.379108, 0.093897, 0.08216]]"
65 (12).jpg,1,"[[0.391432, 0.388498, 0.191315, 0.220657]]"
65 (2).jpg,0,[]
65 (3).jpg,0,[]
65 (4).jpg,0,[]
65 (5).jpg,0,[]
65 (6).jpg,1,"[[0.651408, 0.348005, 0.131455, 0.156103]]"
65 (7).jpg,1,"[[0.405516, 0.176056, 0.102113, 0.070423]]"
65 (8).jpg,1,"[[0.363263, 0.256455, 0.10446, 0.142019]]"
65 (9).jpg,1,"[[0.658451, 0.353873, 0.100939, 0.116197]]"
65.jpg,0,[]
66 (10).jpg,1,"[[0.380282, 0.318662, 0.129108, 0.139671]]"
66 (11).jpg,1,"[[0.443075, 0.22946, 0.038732, 0.045775], [0.545775, 0.181925, 0.049296, 0.039906]]"
66 (12).jpg,1,"[[0.606221, 0.295775, 0.151408, 0.157277]]"
66 (13).jpg,1,"[[0.704812, 0.463028, 0.090376, 0.090376]]"
66 (2).jpg,0,[]
66 (3).jpg,0,[]
66 (4).jpg,0,[]
66 (5).jpg,0,[]
66 (6).jpg,0,[]
66 (7).jpg,1,"[[0.338028, 0.215962, 0.117371, 0.159624]]"
66 (8).jpg,1,"[[0.359742, 0.439554, 0.165493, 0.139671]]"
66 (9).jpg,1,"[[0.358568, 0.191315, 0.059859, 0.061033]]"
66.jpg,0,[]
67 (10).jpg,1,"[[0.65493, 0.373826, 0.112676, 0.16784]]"
67 (11).jpg,1,"[[0.365023, 0.253521, 0.131455, 0.157277]]"
67 (2).jpg,0,[]
67 (3).jpg,0,[]
67 (4).jpg,0,[]
67 (5).jpg,1,"[[0.3527, 0.376174, 0.153756, 0.144366]]"
67 (6).jpg,1,"[[0.639671, 0.372066, 0.14554, 0.138498]]"
67 (7).jpg,1,"[[0.369718, 0.140845, 0.103286, 0.091549], [0.379108, 0.198357, 0.07277, 0.051643], [0.34331, 0.231221, 0.052817, 0.056338]]"
67 (8).jpg,1,"[[0.361502, 0.440728, 0.15493, 0.139671]]"
67 (9).jpg,1,"[[0.380869, 0.319249, 0.11385, 0.138498]]"
67.jpg,0,[]
68 (10).jpg,1,"[[0.648474, 0.368545, 0.106808, 0.143192]]"
68 (2).jpg,0,[]
68 (3).jpg,0,[]
68 (4).jpg,1,"[[0.356808, 0.379695, 0.157277, 0.144366]]"
68 (5).jpg,1,"[[0.364437, 0.377934, 0.083333, 0.075117]]"
68 (6).jpg,1,"[[0.326291, 0.367371, 0.115023, 0.117371]]"
68 (7).jpg,1,"[[0.636737, 0.478286, 0.083333, 0.102113]]"
68 (8).jpg,1,"[[0.323944, 0.352113, 0.164319, 0.187793]]"
68 (9).jpg,1,"[[0.367958, 0.245305, 0.111502, 0.13615]]"
68.jpg,0,[]
69 (2).jpg,0,[]
69 (3).jpg,0,[]
69 (4).jpg,0,[]
69 (5).jpg,0,[]
69 (6).jpg,1,"[[0.649648, 0.342723, 0.149061, 0.159624]]"
69 (7).jpg,1,"[[0.440141, 0.16784, 0.070423, 0.093897]]"
69 (8).jpg,1,"[[0.603286, 0.293427, 0.150235, 0.159624]]"
69.jpg,0,[]
70 (10).jpg,1,"[[0.609155, 0.289319, 0.159624, 0.160798]]"
70 (11).jpg,1,"[[0.622066, 0.439554, 0.058685, 0.050469]]"
70 (2).jpg,0,[]
70 (3).jpg,0,[]
70 (4).jpg,0,[]
70 (5).jpg,1,"[[0.639671, 0.36561, 0.150235, 0.158451]]"
70 (6).jpg,1,"[[0.367958, 0.137911, 0.080986, 0.064554]]"
70 (7).jpg,1,"[[0.424883, 0.162559, 0.058685, 0.052817]]"
70 (8).jpg,1,"[[0.661385, 0.375, 0.118545, 0.181925]]"
70 (9).jpg,1,"[[0.349178, 0.368545, 0.139671, 0.124413]]"
70.jpg,0,[]
71 (2).jpg,0,[]
71 (3).jpg,0,[]
71 (4).jpg,1,"[[0.648474, 0.367958, 0.090376, 0.11385]]"
71 (5).jpg,1,"[[0.372066, 0.328638, 0.117371, 0.150235]]"
71 (6).jpg,1,"[[0.398474, 0.372653, 0.16784, 0.212441]]"
71.jpg,0,[]
72 (10).jpg,1,"[[0.639085, 0.356221, 0.165493, 0.153756]]"
72 (11).jpg,1,"[[0.328052, 0.264671, 0.059859, 0.071596]]"
72 (2).jpg,0,[]
72 (3).jpg,0,[]
72 (4).jpg,1,"[[0.610915, 0.285798, 0.160798, 0.158451]]"
72 (5).jpg,0,[]
72 (6).jpg,1,"[[0.333333, 0.368545, 0.152582, 0.143192]]"
72 (7).jpg,1,"[[0.609742, 0.464202, 0.090376, 0.085681]]"
72 (8).jpg,1,"[[0.355047, 0.444836, 0.163146, 0.15493]]"
72 (9).jpg,1,"[[0.348592, 0.324531, 0.068075, 0.073944]]"
72.jpg,0,[]
73 (2).jpg,0,[]
73 (3).jpg,0,[]
73 (4).jpg,1,"[[0.65493, 0.361502, 0.131455, 0.194836]]"
73 (5).jpg,1,"[[0.424883, 0.157277, 0.044601, 0.044601]]"
73 (6).jpg,1,"[[0.640845, 0.368545, 0.068075, 0.08216]]"
73.jpg,0,[]
74 (10).jpg,1,"[[0.342723, 0.333333, 0.084507, 0.086854]]"
74 (11).jpg,1,"[[0.653169, 0.335094, 0.156103, 0.146714]]"
74 (12).jpg,1,"[[0.390258, 0.376174, 0.165493, 0.224178]]"
74 (2).jpg,0,[]
74 (3).jpg,0,[]
74 (4).jpg,0,[]
74 (5).jpg,0,[]
74 (6).jpg,0,[]
74 (7).jpg,1,"[[0.453052, 0.190728, 0.075117, 0.118545]]"
74 (8).jpg,1,"[[0.330399, 0.33216, 0.193662, 0.176056]]"
74 (9).jpg,1,"[[0.393192, 0.33392, 0.084507, 0.125587]]"
74.jpg,0,[]
75 (10).jpg,1,"[[0.629695, 0.353873, 0.16784, 0.149061]]"
75 (2).jpg,0,[]
75 (3).jpg,0,[]
75 (4).jpg,0,[]
75 (5).jpg,1,"[[0.646714, 0.332746, 0.147887, 0.146714]]"
75 (6).jpg,1,"[[0.396127, 0.073944, 0.055164, 0.051643], [0.439554, 0.176643, 0.118545, 0.179577]]"
75 (7).jpg,1,"[[0.340962, 0.366784, 0.16784, 0.149061]]"
75 (8).jpg,1,"[[0.347418, 0.328638, 0.07277, 0.084507]]"
75 (9).jpg,1,"[[0.610915, 0.28169, 0.156103, 0.147887]]"
75.jpg,0,[]
76 (10).jpg,1,"[[0.350939, 0.377347, 0.110329, 0.09507]]"
76 (11).jpg,1,"[[0.3527, 0.199531, 0.198357, 0.201878]]"
76 (12).jpg,1,"[[0.389671, 0.369131, 0.15493, 0.210094]]"
76 (2).jpg,0,[]
76 (3).jpg,0,[]
76 (4).jpg,0,[]
76 (5).jpg,0,[]
76 (6).jpg,0,[]
76 (7).jpg,1,"[[0.451291, 0.192488, 0.076291, 0.129108]]"
76 (8).jpg,1,"[[0.347418, 0.330986, 0.079812, 0.089202]]"
76 (9).jpg,1,"[[0.661385, 0.353873, 0.127934, 0.181925]]"
76.jpg,0,[]
77 (2).jpg,0,[]
77 (3).jpg,0,[]
77 (4).jpg,0,[]
77 (5).jpg,1,"[[0.35446, 0.376174, 0.117371, 0.073944]]"
77 (6).jpg,1,"[[0.658451, 0.353286, 0.119718, 0.185446]]"
77.jpg,0,[]
78 (2).jpg,0,[]
78 (3).jpg,0,[]
78 (4).jpg,1,"[[0.450117, 0.193075, 0.088028, 0.127934]]"
78 (5).jpg,1,"[[0.654343, 0.333333, 0.144366, 0.126761]]"
78 (6).jpg,1,"[[0.501761, 0.332746, 0.04108, 0.04108]]"
78.jpg,0,[]
79 (10).jpg,1,"[[0.44777, 0.165493, 0.132629, 0.183099]]"
79 (11).jpg,1,"[[0.345657, 0.355047, 0.160798, 0.158451]]"
79 (12).jpg,1,"[[0.3527, 0.453052, 0.111502, 0.100939]]"
79 (2).jpg,0,[]
79 (3).jpg,0,[]
79 (4).jpg,0,[]
79 (5).jpg,0,[]
79 (6).jpg,0,[]
79 (7).jpg,0,[]
79 (8).jpg,1,"[[0.405516, 0.33392, 0.066901, 0.069249]]"
79 (9).jpg,1,"[[0.651408, 0.352113, 0.14554, 0.176056]]"
79.jpg,0,[]
80 (2).jpg,0,[]
80 (3).jpg,0,[]
80 (4).jpg,1,"[[0.353286, 0.180164, 0.204225, 0.203052]]"
80 (5).jpg,1,"[[0.65669, 0.328052, 0.132629, 0.106808]]"
80 (6).jpg,1,"[[0.651995, 0.35446, 0.134977, 0.164319]]"
80 (7).jpg,1,"[[0.612089, 0.269366, 0.130282, 0.099765]]"
80.jpg,0,[]
81 (2).jpg,0,[]
81 (3).jpg,0,[]
81 (4).jpg,0,[]
81 (5).jpg,1,"[[0.447183, 0.161385, 0.126761, 0.163146]]"
81 (6).jpg,1,"[[0.331573, 0.325704, 0.184272, 0.160798]]"
81.jpg,0,[]
82 (2).jpg,0,[]
82 (3).jpg,0,[]
82 (4).jpg,0,[]
82 (5).jpg,1,"[[0.454812, 0.189554, 0.078638, 0.073944]]"
82.jpg,0,[]
83 (2).jpg,0,[]
83 (3).jpg,1,"[[0.440728, 0.156103, 0.109155, 0.157277]]"
83 (4).jpg,1,"[[0.6473, 0.330399, 0.080986, 0.080986]]"
83 (5).jpg,1,"[[0.650235, 0.355047, 0.119718, 0.099765]]"
83.jpg,0,[]
84 (2).jpg,1,"[[0.337441, 0.287559, 0.137324, 0.07277]]"
84 (3).jpg,1,"[[0.352113, 0.178404, 0.185446, 0.201878]]"
84 (4).jpg,1,"[[0.384977, 0.38439, 0.133803, 0.144366]]"
84.jpg,0,[]
85 (2).jpg,0,[]
85 (3).jpg,0,[]
85 (4).jpg,0,[]
85 (5).jpg,1,"[[0.33216, 0.295188, 0.110329, 0.080986]]"
85 (6).jpg,1,"[[0.364437, 0.315141, 0.109155, 0.130282]]"
85.jpg,0,[]
86 (2).jpg,0,[]
86.jpg,0,[]
87 (2).jpg,0,[]
87 (3).jpg,0,[]
87 (4).jpg,1,"[[0.33392, 0.269953, 0.099765, 0.105634]]"
87 (5).jpg,1,"[[0.649648, 0.331573, 0.102113, 0.076291]]"
87.jpg,0,[]
88 (2).jpg,0,[]
88 (3).jpg,1,"[[0.343897, 0.342723, 0.105634, 0.096244]]"
88 (4).jpg,1,"[[0.450704, 0.159624, 0.056338, 0.068075]]"
88 (5).jpg,1,"[[0.322183, 0.266432, 0.139671, 0.110329]]"
88.jpg,0,[]
89 (2).jpg,0,[]
89 (3).jpg,0,[]
89 (4).jpg,0,[]
89 (5).jpg,1,"[[0.389671, 0.385563, 0.119718, 0.160798]]"
89.jpg,0,[]
90 (2).jpg,1,"[[0.636737, 0.384977, 0.076291, 0.086854]]"
90 (3).jpg,1,"[[0.671948, 0.186033, 0.080986, 0.076291]]"
90.jpg,0,[]
91 (2).jpg,0,[]
91 (3).jpg,0,[]
91 (4).jpg,1,"[[0.311033, 0.328052, 0.06338, 0.059859]]"
91 (5).jpg,1,"[[0.314554, 0.261737, 0.133803, 0.107981]]"
91 (6).jpg,1,"[[0.295188, 0.317488, 0.062207, 0.055164]]"
91.jpg,0,[]
92 (2).jpg,0,[]
92 (3).jpg,0,[]
92 (4).jpg,0,[]
92 (5).jpg,1,"[[0.366784, 0.174296, 0.132629, 0.142019]]"
92 (6).jpg,1,"[[0.664319, 0.189554, 0.115023, 0.085681]]"
92.jpg,0,[]
93 (2).jpg,0,[]
93 (3).jpg,0,[]
93 (4).jpg,1,"[[0.627934, 0.393192, 0.103286, 0.107981]]"
93 (5).jpg,1,"[[0.30223, 0.323357, 0.062207, 0.050469]]"
93 (6).jpg,1,"[[0.368545, 0.304577, 0.124413, 0.142019]]"
93.jpg,0,[]
94 (2).jpg,0,[]
94 (3).jpg,0,[]
94 (4).jpg,1,"[[0.297535, 0.254108, 0.092723, 0.111502]]"
94 (5).jpg,1,"[[0.663146, 0.381455, 0.122066, 0.14554]]"
94 (6).jpg,1,"[[0.659624, 0.187793, 0.115023, 0.096244]]"
94.jpg,0,[]
95 (2).jpg,0,[]
95 (3).jpg,1,"[[0.33392, 0.328052, 0.130282, 0.130282]]"
95 (4).jpg,1,"[[0.370892, 0.306338, 0.129108, 0.140845]]"
95.jpg,0,[]
96 (2).jpg,0,[]
96 (3).jpg,0,[]
96 (4).jpg,1,"[[0.661972, 0.183685, 0.119718, 0.109155]]"
96 (5).jpg,1,"[[0.375587, 0.318662, 0.117371, 0.137324]]"
96.jpg,0,[]
97 (2).jpg,1,"[[0.294014, 0.25939, 0.057512, 0.105634]]"
97 (3).jpg,1,"[[0.622066, 0.389671, 0.122066, 0.110329]]"
97.jpg,0,[]
98 (2).jpg,0,[]
98 (3).jpg,0,[]
98 (4).jpg,1,"[[0.352113, 0.304577, 0.089202, 0.064554]]"
98.jpg,0,[]
99 (2).jpg,1,"[[0.349178, 0.321009, 0.156103, 0.174883]]"
99 (3).jpg,1,"[[0.664319, 0.377347, 0.107981, 0.130282]]"
99 (4).jpg,1,"[[0.658451, 0.187207, 0.115023, 0.125587]]"
99.jpg,0,[]
